{
  "neg_cc_thick": 8.201626123751156e-05,
  "neg_elec_thick": 3.9827790731256836e-05,
  "sep_thick": 2.5278640450004205e-05,
  "pos_elec_thick": 6.437694101250946e-05,
  "pos_cc_thick": 6.437694101250946e-05,
  "elec_height": 1.624154172410765,
  "elec_width": 0.11002043078504098,
  "contact_res": 0.0005605595902952671,
  "neg_particle_radius": 8.257354213751996e-07,
  "neg_am_vf": 0.5820530582246906,
  "neg_porosity": 0.5473597850748201,
  "neg_brugg_elyte": 1.1708527860972284,
  "neg_brugg_elec": 1.8303199384105409,
  "neg_conductivity": 301.4393018370678,
  "pos_particle_radius": 7.94833721937705e-08,
  "pos_conductivity": 0.2462902271213101,
  "pos_am_vf": 0.3880268053746413,
  "pos_porosity": 0.6997084159578864,
  "pos_brugg_elyte": 3.984788282483697,
  "pos_brugg_elec": 2.1461109329935812,
  "sep_porosity": 0.6835395069691528,
  "sep_brugg": 1.0593684533854537,
  "t_plus": 0.572413180813317,
  "thermo_factor": 0.5440332411936978,
  "htc": 17.24306400797413,
  "neg_m_ref": 2.48e-07,
  "neg_E_r": 35000.0,
  "pos_m_ref": 2e-07,
  "pos_E_r": 39570.0,
  "neg_D_ref": 2.4e-15,
  "neg_E_D": 35000.0,
  "pos_D_ref": 1.15e-18,
  "pos_E_D": 43000.0,
  "elyte_cond_scale": 1.0,
  "U0_0": 0.08062545,
  "U0_1": 0.11356947,
  "U0_2": 0.1081655,
  "U0_3": 0.11370952,
  "U0_4": 0.19151176,
  "U0_5": 0.31958092,
  "U0_6": 0.44824024,
  "X_0": 0.3838419,
  "X_1": 0.13241849,
  "X_2": 0.09761792,
  "X_3": 0.3040794,
  "X_4": 0.04173912,
  "X_5": 0.01555115,
  "X_6": 0.03318803,
  "w_0": 0.09545492,
  "w_1": 0.07039945,
  "w_2": 0.17943078,
  "w_3": 1.28833751,
  "w_4": 0.13084723,
  "w_5": 1.31652939,
  "w_6": 4.08358201,
  "init_neg_soc_dis": 0.75,
  "init_pos_soc_dis": 0.01,
  "init_neg_soc_chg": 0.02,
  "init_pos_soc_chg": 0.95,
  "__cost__": 0.1290261244669816,
  "__eval_count__": 431
}